,cri,gfz,jpl,mas,csr,grace_median,gldas_sm,tc_sm,gldas_swe,fldas_swe,res_ts,swe,sm,grace,t,adj
2003-01-31,20.974964469995616,44.738072956077424,2.862573502240316,17.40079708266607,3.6240266144329025,17.40079708266607,2.253404506211097,12.929690138876,0.12047736844522472,0.1956473056565059,26.36832768684,0.1580623370508653,7.591547322543548,,,
2003-02-28,5.263076460916533,29.32239506696346,16.67542401530346,4.041851453620448,23.966048996602005,16.67542401530346,3.1146026322754055,12.77607898513222,0.14441808165563652,0.3070018945580963,29.7737155704,0.2257099881068664,7.945340808703812,12.848594994527197,12.848594994527197,12.848594994527197
2003-03-31,8.170356194361556,18.02358886519689,12.84268341162942,6.7179092286325695,14.507859391456321,12.84268341162942,3.1902551067993943,13.12568350640089,0.060217494516228286,0.20821896071751583,30.98917812804,0.13421822761687205,8.157969306600142,11.506084116583086,11.506084116583086,11.506084116583086
2003-04-30,8.584773186466576,9.334481010007254,14.47295563561589,6.818880236801625,19.442988096073325,9.334481010007254,3.1998274083756684,12.245114828207484,0.03818430379506995,0.18561357811116372,33.9125775342,0.11189894095311684,7.722471118291576,6.868899078819577,6.868899078819577,6.868899078819577
2003-05-31,,13.140678296816773,2.8063024004328616,,14.245609684054859,,3.2963840442104826,12.081522691788146,0.033005413062216375,0.1583709588231308,36.51020253756,0.09568818594267359,7.688953367999314,,-1.0399633523774794,0.028147542155962935
2003-06-30,-6.96350491826792,,,-5.826967298148026,,,3.0638860316914407,8.863574209713041,0.010333693102290802,0.10406696715478468,38.77532203776,0.057200330128537744,5.963730120702241,,-8.948825783574536,-8.143531814708659
2003-07-31,-19.927174311705087,-22.778530062359053,-14.902450075690469,-17.168351568689484,-23.154091593366687,-19.927174311705087,2.2651638815295048,5.341042796998349,2.0777391906439763e-05,0.008247967714805113,37.91952867984,0.004134372553355776,3.803103339263927,-16.857688214771592,-16.857688214771592,-16.857688214771592
2003-08-31,-33.141243681376935,-33.37475138735077,-29.879127632364987,-28.813616470491105,-21.36858667427244,-29.879127632364987,1.6772222735472997,3.6097033648399104,2.5293993809216004e-06,0.00026543437389019544,33.1923485622,0.00013398188663555851,2.643462819193605,-23.988306603987947,-23.988306603987947,-23.988306603987947
2003-09-30,-27.57239673442974,-24.729441135828186,-35.715572533171844,-24.254191216987024,-33.22732341121714,-27.57239673442974,1.4169247730067422,2.803562217258545,1.519336499779148e-06,0.0,29.8535402286,7.59668249889574e-07,2.1102434951326434,-23.700235854550392,-23.700235854550392,-23.700235854550392
2003-10-31,-33.29966752260926,-36.72518713739421,-45.73381520593684,-29.027885370509022,-44.293102252121635,-36.72518713739421,1.2687448785694242,2.308421531292295,1.7590296530816038e-05,2.5913659801801244e-07,28.2047475126,8.924716564417025e-06,1.7885832049308596,-34.754742296240735,-34.754742296240735,-34.754742296240735
2003-11-30,-11.34723599264885,-62.63879663992278,-41.01744033042576,-10.011487383988591,-38.24419636284607,-38.24419636284607,1.1861586657451195,1.9746859002960027,0.00014629464394389484,3.134801741522822e-05,26.73040217256,8.882133067956153e-05,1.5804222830205612,-36.561769997509884,-36.561769997509884,-36.561769997509884
2003-12-31,12.326582442816362,14.735153730169266,-18.980094059128813,10.566918236898362,-19.861478825831153,10.566918236898362,1.289060308530428,4.625072557055676,0.009086971037581246,0.04649302621136034,26.44126952664,0.02778999862447079,2.957066432793052,9.451705555752083,9.451705555752083,9.451705555752083
2004-01-31,,,,,,,2.134701524523866,11.487828193442171,0.060301471423210316,0.14830284486413411,28.48498553424,0.10430215814367222,6.8112648589830185,,8.73050314483853,15.821344281125869
2004-02-29,49.060149426112666,8.60667774550894,7.571390935555779,41.5474382552242,10.590677106312656,10.590677106312656,2.8633096682495602,11.857496963739314,0.2071099666172672,0.3740189897826043,30.33096112956,0.29056447819993575,7.360403315994437,8.009300733924976,8.009300733924976,8.009300733924976
2004-03-31,20.588280898858148,20.28377495482536,19.892527905015992,17.400197890558207,19.86765961851983,19.892527905015992,3.167360457919453,13.065482573545708,0.22327753206262752,0.366629315563444,33.27335242728,0.2949534238130358,8.116421515732581,16.189729461944744,16.189729461944744,16.189729461944744
2004-04-30,11.775781118519962,14.149047598726977,5.067378395492852,9.73278729649477,11.337775377251523,11.337775377251523,3.2555508478332325,11.361948003156842,0.10989947802690538,0.2786013057928514,35.49355105284,0.1942503919098784,7.308749425495037,10.025951873832229,10.025951873832229,10.025951873832229
2004-05-31,-7.418709950808862,-1.0806430369235684,-5.581604366015669,-6.614294357192958,-5.1288867569839285,-5.581604366015669,2.819639972085731,8.534102699640039,0.003864565874579951,0.06245791220575501,35.99992913028,0.03316123904016748,5.676871335862885,-4.295015200953811,-4.295015200953811,-4.295015200953811
2004-06-30,-20.233882248528968,-24.342578407593106,-25.12803922300555,-17.778413445519657,-20.54273990718556,-20.54273990718556,2.3080305994852743,6.0555958702160035,0.0004496446775421755,0.0075702115349944865,35.0117253948,0.004009928106268331,4.1818132348506385,-18.030326759759415,-18.030326759759415,-18.030326759759415
2004-07-31,-32.861559293096526,-39.75659887812558,-41.493216225217786,-28.912022548170167,-41.03035748765983,-39.75659887812558,1.866313774028103,4.056723593697951,0.0001098346820240696,0.00042606242098412744,31.39423322436,0.0002679485515040985,2.961518683863027,-34.9150701771432,-34.9150701771432,-34.9150701771432
2004-08-31,-31.552715893265617,-40.76187216630947,-55.72756798473969,-27.943952550893144,-35.306431027419336,-35.306431027419336,1.4627770654835317,2.998689482478444,0.00010776446568968284,0.0,27.0825274086,5.388223284484142e-05,2.230733273980988,-30.263725735458635,-30.263725735458635,-30.263725735458635
2004-09-30,-36.210856475800334,-25.498594367395167,-50.74024690426077,-31.408533919141117,-50.71169570627496,-36.210856475800334,1.2240251615781867,2.4264234632289994,0.0001395315769651808,0.0,24.19396641156,6.97657884825904e-05,1.8252243124035932,-32.916802400738575,-32.916802400738575,-32.916802400738575
2004-10-31,-23.479884409785594,-41.94466438729531,-41.677050094719554,-20.570482997637843,-50.1491673700737,-41.677050094719554,1.1274933319126175,2.0500026138346366,0.0002583659137540129,0.00012138183551673372,22.83534369816,0.0001898738746353733,1.5887479728736271,-40.08207114987574,-40.08207114987574,-40.08207114987574
2004-11-30,-15.5588091219567,-29.582859698974506,-26.18285534332155,-13.589607970012667,-35.414693386895685,-26.18285534332155,1.305433640726168,4.695084507679521,0.014422740352703871,0.03257602116651895,22.40272155732,0.02349938075961141,3.0002590742028445,-27.185053810695745,-27.185053810695745,-27.185053810695745
2004-12-31,18.86120094106552,-14.141951316236614,-10.976104352493271,15.867607095596743,-16.797356738227403,-10.976104352493271,1.9796156599231758,6.427413797524129,0.03973227798400155,0.09770594717820211,22.84173805848,0.06871911258110183,4.203514728723652,-12.66359623999557,-12.66359623999557,-12.66359623999557
2005-01-31,31.382433331580717,16.13082707708907,23.557355086675354,26.68327050027022,20.045648140178397,23.557355086675354,2.411291937393965,12.275791969921352,0.06604897704878486,0.14721217114888774,24.74504703768,0.1066305740988363,7.343541953657659,18.476107421023617,18.476107421023617,18.476107421023617
2005-02-28,45.5587592282159,55.41734519449761,39.630393511910576,38.79816641527019,42.053929273765704,42.053929273765704,3.2392493931501947,14.019233380334855,0.36296821936875284,0.4692368165536201,29.29470718068,0.41610251796118647,8.629241386742525,35.909097753818486,35.909097753818486,35.909097753818486
2005-03-31,46.375494998327504,42.66436030954383,43.62693443907825,39.65715824795902,49.79217895655829,43.62693443907825,3.4677769327117045,14.272993763658068,0.3002528382091746,0.4374091450662564,31.45819656324,0.3688309916377155,8.870385348184886,41.269572621399355,41.269572621399355,41.269572621399355
2005-04-30,45.302814250192675,55.15259301988952,51.57687305924017,38.636453019476306,49.062588537731855,49.062588537731855,3.584436410633553,13.762198338495326,0.17760116890176075,0.3872179373647463,35.0226663624,0.28240955313325355,8.673317374564439,45.78160815069676,45.78160815069676,45.78160815069676
2005-05-31,24.79645823179112,48.50107849668036,47.75456187664532,21.145220259145468,50.81914938488132,47.75456187664532,3.559371433075614,11.823982754052164,0.10677815732937919,0.328549417877937,36.784934304480004,0.2176637876036581,7.691677093563889,47.03867998109546,47.03867998109546,47.03867998109546
2005-06-30,9.913368440055153,48.28606271604837,30.284695320695498,8.193839217887165,38.502677159868746,30.284695320695498,3.44563549084552,9.644250406769261,0.03866208660826014,0.19386028600919336,41.4718733706,0.11626118630872675,6.544942948807391,26.845893000626933,26.845893000626933,26.845893000626933
2005-07-31,-2.5429310391175823,18.806595013599235,8.97328215862983,-2.1487464852708364,20.376553838158824,8.97328215862983,2.8689782472303196,6.508360285449881,0.00038466334918862266,0.044347552289847436,41.9181649368,0.02236610781951803,4.6886692663401,10.477159353386334,10.477159353386334,10.477159353386334
2005-08-31,-9.110987744051652,9.113952079404028,12.145078948929996,-7.754336073560464,8.432654107715928,8.432654107715928,2.186354606895009,4.123511292361942,8.665438783754603e-06,0.0029392872115634834,38.81423463132,0.001473976325173619,3.154932949628476,13.091212861401894,13.091212861401894,13.091212861401894
2005-09-30,-8.919096631192062,3.0662914907409933,-12.642347327027379,-7.966533752187313,-17.251015333845427,-8.919096631192062,1.673520915053925,3.090073801628705,6.221713561122872e-06,0.0,34.9840954428,3.110856780561436e-06,2.381797358341315,-4.314350985916507,-4.314350985916507,-4.314350985916507
2005-10-31,-14.90318330859402,3.8420793934279094,-15.395740152472632,-13.341342389400486,-14.839851960046024,-14.839851960046024,1.4382503659126828,2.5067408050226634,8.54853765770353e-05,7.362029609739734e-06,33.02913818904,4.642370309338752e-05,1.9724955854676731,-12.475636246258695,-12.475636246258695,-12.475636246258695
2005-11-30,2.8029676811308284,-4.7466665579467255,-16.71749740145943,1.9439148646272315,-12.353756661403711,-4.7466665579467255,1.4217334599291016,2.1778413455961014,0.0003977029754413792,0.00037090227110891363,31.74192533328,0.00038430262327514644,1.7997874027626015,-3.2870833984018395,-3.2870833984018395,-3.2870833984018395
2005-12-31,43.10443215278675,12.382070570752447,9.207351611303936,36.57874344719158,1.8314908693003353,12.382070570752447,1.6861400150854624,4.432835446949605,0.008301951169065108,0.01898707620568291,31.45963480092,0.013644513687374009,3.059487731017534,11.391400563793416,11.391400563793416,11.391400563793416
2006-01-31,42.420992593196864,38.99068094334852,34.716833388688755,35.97830382886688,39.30602507056233,38.99068094334852,2.3521214467804263,11.966756120761367,0.04988488723188361,0.1445074340075047,36.74190065424,0.09719616061969416,7.159438783770897,29.52491239034284,29.52491239034284,29.52491239034284
2006-02-28,53.627223097931775,36.451121508178254,36.318163959432916,46.05754216606423,34.21006825792257,36.451121508178254,3.5384116213853085,13.093174327919218,0.14620771493550488,0.40753887257137966,36.42007215396,0.2768732937534423,8.315792974652263,35.436918684443135,35.436918684443135,35.436918684443135
2006-03-31,70.78417808150304,38.2148903041051,48.71600162513286,60.87310891936497,54.48475883276016,54.48475883276016,3.442978513292426,12.821417782810784,0.09761741509026732,0.35898110256157206,37.64003197968,0.2282992588259197,8.132198148051605,53.49696786856834,53.49696786856834,53.49696786856834
2006-04-30,43.01968405830366,58.02173819449646,62.07521628496152,36.747488056658334,64.89119001154738,58.02173819449646,3.7423612048893253,13.182889134465267,0.16896314300203746,0.5126077290673878,39.05315600688,0.3407854360347127,8.462625169677295,56.16570096846198,56.16570096846198,56.16570096846198
2006-05-31,30.92889919913584,40.18920874977543,40.813681308135585,26.248344703932425,50.52412128443739,40.18920874977543,3.9180862967826644,13.24855185776706,0.09274571378317263,0.5379637691091734,41.36846950872,0.31535474144617304,8.583319077274862,37.7786320349264,37.7786320349264,37.7786320349264
2006-06-30,22.798234674328498,33.590879590250346,27.006977758319575,19.614050060599574,34.28421364428682,27.006977758319575,3.202344051699951,8.959383891650674,0.002959690269965941,0.16367817707988144,44.10414312672,0.0833189336749237,6.080863971675313,27.005795053690374,27.005795053690374,27.005795053690374
2006-07-31,8.194839638431784,20.428175418596908,23.478271305586325,6.990633145019264,17.72638347909667,17.72638347909667,2.555779067304363,5.459793363826894,6.127055799351926e-05,0.017142807061446233,43.63820469108,0.008602038809719876,4.007786215565629,20.340116565711554,20.340116565711554,20.340116565711554
2006-08-31,-2.5964132784757505,6.984688702326453,8.114980905769684,-2.6122291728173113,8.398234470297737,6.984688702326453,1.9139297267599202,3.698582919050249,2.350808857377688e-07,0.0005524538503151231,40.14663602688,0.0002763444656004304,2.8062563229050843,11.686112953531111,11.686112953531111,11.686112953531111
2006-09-30,-11.86181614418383,-9.702475227018546,-2.0686113078560076,-10.566163473995692,-1.777367838162384,-9.702475227018546,1.503103030063802,2.8565500929285306,7.3682202924148864e-06,0.0,36.19867359528,3.6841101462074432e-06,2.1798265614961663,-5.127810373654169,-5.127810373654169,-5.127810373654169
2006-10-31,-7.111595200450761,-16.101709969279778,-6.817004952823908,-6.789288021999279,-1.4819828496801093,-6.817004952823908,1.3077070415351746,2.3481120478807385,5.2470794223241235e-05,7.430989988100705e-06,33.91114423044,2.9950892105670968e-05,1.8279095447079565,-4.177584837977659,-4.177584837977659,-4.177584837977659
2006-11-30,9.789681705503003,2.9085185219651706,-3.6988678260063272,7.952487051886945,-7.141404753608847,2.9085185219651706,1.2797722929716866,2.0121924922879186,0.0004346121823984661,0.0001415424715950659,32.68733964756,0.000288077326996766,1.6459823926298025,4.313992130488433,4.313992130488433,4.313992130488433
2006-12-31,7.5446750264219995,12.415877654376297,-0.19158838331568828,6.088212664457907,5.090723292107744,6.088212664457907,1.5901161495885157,4.016833145587181,0.0223790362733145,0.020456110189414862,32.49790178916,0.02141757323136468,2.8034746475878483,5.099028771995498,5.099028771995498,5.099028771995498
2007-01-31,15.563740185032104,3.9690791749775114,9.567407812318281,13.285230637846169,6.0618369352352754,9.567407812318281,2.064317373938625,7.281663131981986,0.05403090607418273,0.061414598156435435,33.45469989036,0.057722752115309084,4.672990252960306,6.7047889268618786,6.7047889268618786,6.7047889268618786
2007-02-28,29.115829075539487,13.154965989622537,17.800479303161364,24.982912320782926,14.241133252107876,17.800479303161364,2.4328567659808646,7.077145107626342,0.0630542595349459,0.0878821748835912,33.35522712924,0.07546821720926855,4.7550009368036035,17.800195915344105,17.800195915344105,17.800195915344105
2007-03-31,12.648115842181564,20.45456757782103,22.358019518199633,10.522081152957693,19.716919963884223,19.716919963884223,2.8124100715265006,9.60103110541433,0.03779312483452435,0.10237645852332211,35.16762863244,0.07008479167892323,6.206720588470415,16.458182234547756,16.458182234547756,16.458182234547756
2007-04-30,1.8553426396513022,15.740065132438332,10.708246426529321,1.9230516613019204,15.75120697829173,10.708246426529321,2.841046653029182,8.560548877662317,0.017034918417160094,0.11173626848892032,36.4512273918,0.06438559345304021,5.700797765345749,9.936269688519868,9.936269688519868,9.936269688519868
2007-05-31,-7.137407520691384,12.55127047396959,7.0040840952802155,-6.270329011331411,9.037761525113833,7.0040840952802155,2.576575658808699,7.5789124971167245,0.0038926619112402247,0.0259086162082576,36.57576076608,0.014900639059748913,5.077744077962712,7.552089362776545,7.552089362776545,7.552089362776545
2007-06-30,-19.935563580590177,-12.302379723577806,-0.5355189657051577,-17.11880586087195,-1.5185918943529921,-12.302379723577806,2.199372348685468,5.361258144837083,0.0011469042612417119,0.004613304181551293,34.8873721086,0.0028801042213965023,3.7803152467612753,-9.304541700058012,-9.304541700058012,-9.304541700058012
2007-07-31,-26.543024212778278,-23.913831960260477,-23.169907336557937,-22.692279339005857,-15.532492612476387,-23.169907336557937,1.7101370381915062,3.6123279115234617,2.1756562005517275e-05,7.677447015115926e-05,30.92106412896,4.926551607833827e-05,2.661232474857484,-18.081685746308832,-18.081685746308832,-18.081685746308832
2007-08-31,-36.588328278109785,-23.048897527243362,-23.40847269542381,-31.309162044251746,-21.48974046471778,-23.40847269542381,1.35149211111759,2.7133462187321573,1.3382851534945492e-05,0.0,26.92266716712,6.691425767472746e-06,2.0324191649248737,-18.781219849560888,-18.781219849560888,-18.781219849560888
2007-09-30,-32.461496790628104,-33.42926836774032,-29.01726816445033,-28.107590062266475,-29.639841408646276,-29.639841408646276,1.1530147664045067,2.20255781007507,3.235110894465408e-05,0.0,24.10857752508,1.617555447232704e-05,1.6777862882397883,-26.471128374049897,-26.471128374049897,-26.471128374049897
2007-10-31,-26.33883746995964,-38.42335112918057,-40.22692589151068,-22.662121274280643,-39.68270144472196,-38.42335112918057,1.0848834447033329,1.8737575665004202,0.00021426163996647973,0.00025163034695886716,22.694582661,0.00023294599346267343,1.4793205056018766,-36.81110725290164,-36.81110725290164,-36.81110725290164
2007-11-30,-16.486824050973112,-40.606852351597986,-27.242845984357913,-14.032940764277695,-36.103011713689924,-27.242845984357913,1.2709411951271115,2.2296134967692867,0.0012315017589947215,0.0006800924663674896,22.07317640616,0.0009557971126811055,1.750277345948199,-26.893119420983457,-26.893119420983457,-26.893119420983457
2007-12-31,1.13198278868285,-17.90951679486509,-14.408398659471219,1.1768139664698203,-17.388120077009958,-14.408398659471219,1.3919409245680636,2.280413007994488,0.004389226793525645,0.0037143997990851914,21.7552814736,0.004051813296305418,1.836176966281276,-14.179499363427919,-14.179499363427919,-14.179499363427919
2008-01-31,13.94189666306668,3.491189378351096,8.966052089283446,12.16631382613708,0.9222603144340353,8.966052089283446,1.6567710480910793,5.810404321797229,0.06885043603391482,0.09479539588132856,22.2325950618,0.08182291595762169,3.7335876849441543,6.51355667975925,6.51355667975925,6.51355667975925
2008-02-29,26.211056005162096,20.58759720797722,28.05296369394568,23.38895029049903,20.783965297114477,23.38895029049903,2.554835818799418,11.415917984012816,0.27808472352776736,0.39689105333206137,24.91528948032,0.3374878884299144,6.985376901406117,17.198801683044778,17.198801683044778,17.198801683044778
2008-03-31,15.60304336479492,30.874315609552323,33.676612509303055,13.798110255309501,35.299340894650506,30.874315609552323,2.970732710761182,12.048045107767853,0.3110528167631009,0.5565732036072351,27.36962234556,0.433813010185168,7.509388909264517,27.79964561469867,27.79964561469867,27.79964561469867
2008-04-30,-1.670690007009981,21.68546130715305,21.8321234908116,-1.328980025398559,23.70764039377622,21.68546130715305,3.105757458076746,10.434614138914462,0.08179382063586418,0.3461531968132957,28.57700930964,0.21397350872457993,6.7701857984956035,21.437116955302553,21.437116955302553,21.437116955302553
2008-05-31,-8.07902689180439,4.0920025921407825,3.8636284384633925,-6.910970556966218,3.3170711549057135,3.3170711549057135,2.7539454726053756,8.33152900724919,0.007428314541933476,0.15275819744294858,29.03751549936,0.08009325599244102,5.542737239927282,4.217893776486173,4.217893776486173,4.217893776486173
2008-06-30,-18.59241676027015,-3.8154658776417536,-2.1911439279833274,-15.931749708711306,-3.6193009947638717,-3.8154658776417536,2.263690884327364,6.270731947709775,0.0013953889029626604,0.03884485276920708,29.65925849424,0.02012012083608487,4.2672114160185695,-3.101709913456683,-3.101709913456683,-3.101709913456683
2008-07-31,-24.01144747784402,-17.51894814456779,-15.588142769303772,-20.82919697107433,-14.208261299856847,-17.51894814456779,1.8392603027543517,4.121221493592274,0.00010650143898085236,0.003596093747747225,26.95878839544,0.0018512975933640387,2.980240898173313,-13.51323870467981,-13.51323870467981,-13.51323870467981
2008-08-31,-32.17912758764216,-26.85554088619595,-19.962477342959065,-27.459926664077237,-22.446456963739802,-26.85554088619595,1.4103175578722396,3.0179679477023447,2.6975468040153297e-05,0.0,23.20179333744,1.3487734020076649e-05,2.214142752787292,-22.33060987295059,-22.33060987295059,-22.33060987295059
2008-09-30,-35.72016172834068,-33.195548363022084,-30.903247984174154,-30.360028718695162,-31.445303755631752,-31.445303755631752,1.1864894405596191,2.438510218719826,6.402594331500247e-05,0.0,20.27895269772,3.2012971657501235e-05,1.8124998296397226,-28.12083871800182,-28.12083871800182,-28.12083871800182
2008-10-31,-32.12405386121085,-37.07573526821255,-26.94777395969122,-27.433098253958278,-37.81961928002881,-32.12405386121085,1.088287204996084,2.0602451438523413,0.00017959406597154693,1.7220854166952002e-06,18.55765972776,9.065807569412107e-05,1.5742661744242126,-30.164585881139374,-30.164585881139374,-30.164585881139374
2008-11-30,-35.17191770298895,-32.697295306984834,-25.197405682170878,-30.09656179263291,-25.630662682015853,-30.09656179263291,1.1182571182546948,1.8189123924639239,0.0002364470827858073,2.0352254933940444e-05,17.4307437654,0.00012839966885987386,1.4685847553593092,-28.86400215280117,-28.86400215280117,-28.86400215280117
2008-12-31,-23.094865743671424,-23.735917681284263,-24.127083631912743,-19.398936767067188,-22.848726962513314,-23.094865743671424,1.5106360742361458,4.0877083519224255,0.005368370580603111,0.018350122090933913,17.74137596772,0.011859246335768512,2.7991722130792858,-24.747816250378307,-24.747816250378307,-24.747816250378307
2009-01-31,-12.18022124650751,-8.743882952034962,1.1226027765351876,-10.062098679376051,-13.516605497821864,-10.062098679376051,1.765170549997713,6.4584288797173395,0.058292316727491834,0.07953162285686156,17.83252767276,0.0689119697921767,4.1117997148575265,-11.522930609650702,-11.522930609650702,-11.522930609650702
2009-02-28,8.086705550192546,2.4547315845306903,1.4181284566406878,7.488668587266212,5.5126342232906556,5.5126342232906556,2.229327339781029,7.173440687442395,0.09050563029959494,0.16466568987664265,19.02381895632,0.12758566008811878,4.701384013611712,3.67308495068053,3.67308495068053,3.67308495068053
2009-03-31,-2.2896412787437095,9.647916008852455,21.537858131088242,-1.410552494441794,14.43376913486131,9.647916008852455,2.5266425496694986,10.772595181747652,0.04558066412088839,0.21243302802010547,21.96860320524,0.12900684607049692,6.649618865708575,4.753475721853212,4.753475721853212,4.753475721853212
2009-04-30,-4.390150100253618,3.197559348304544,7.791416609973428,-3.4829116445644397,10.500503934354901,3.197559348304544,3.045791156177165,10.3550413082998,0.024097611225932274,0.21510056603601221,26.71872605088,0.11959908863097224,6.700416232238482,-1.5939531064258383,-1.5939531064258383,-1.5939531064258383
2009-05-31,-13.795996272447372,2.080942042932568,2.115990232117715,-11.56633374987807,0.2910510068897162,0.2910510068897162,2.6919695506814802,8.448846740953133,0.0035247132123602835,0.0975644218604371,28.2212453076,0.05054456753639869,5.570408145817307,-0.012405642314534227,-0.012405642314534227,-0.012405642314534227
2009-06-30,-27.068669153059936,0.6261286012526356,0.8738434124171743,-22.861997922097586,6.422123049656122,0.6261286012526356,2.3924946956928936,6.582793373376063,0.0005922697204857545,0.019675327114266155,30.9458916144,0.010133798417375954,4.487644034534478,-0.9753428251455127,-0.9753428251455127,-0.9753428251455127
2009-07-31,-31.10439253377623,-13.384903174965416,-9.939868290013827,-26.21884710247138,-10.887283014092107,-13.384903174965416,2.035048043821482,4.55241804411713,0.00021852410131980907,0.0008012900671614814,28.673352732,0.0005099070842406453,3.293733043969306,-9.90882941066711,-9.90882941066711,-9.90882941066711
2009-08-31,-39.06944118533553,-27.457133546494756,-18.751551225697096,-32.97926257968145,-30.26677780304307,-30.26677780304307,1.5512797212556513,3.160624508641706,1.10910761709163e-05,0.0,25.15979605332,5.54553808545815e-06,2.3559521149486784,-25.814935833796287,-25.814935833796287,-25.814935833796287
2009-09-30,-41.409009370311026,-42.69042967040644,-31.497791387886696,-35.33405747717845,-33.48716565839525,-35.33405747717845,1.2693988156631868,2.4917856773154305,2.6968793927705337e-05,0.0,22.37957160468,1.3484396963852668e-05,1.8805922464893086,-32.07848109893796,-32.07848109893796,-32.07848109893796
2009-10-31,-44.27366130032991,-36.61363882364021,-33.03225878157353,-37.961105964454624,-31.48309111847394,-36.61363882364021,1.1561768294757964,2.0788805849432603,7.101039661447786e-05,0.0,20.71580444148,3.550519830723893e-05,1.6175287072095283,-34.68683014196178,-34.68683014196178,-34.68683014196178
2009-11-30,-32.60165399286269,-39.124822404084696,-43.85026603758058,-27.78819156460257,-41.411911114728376,-39.124822404084696,1.344253024577834,2.5243369570106386,0.0020879959259647715,0.0037187286102341047,20.23494706524,0.002903362268099438,1.9342949907942364,-38.9635991684992,-38.9635991684992,-38.9635991684992
2009-12-31,-18.383843636795955,-40.40248516636853,-28.092849203917112,-15.951927480165315,-24.29969323362143,-24.29969323362143,1.578015137989,2.7246766655323063,0.010170478335344344,0.01436089498204677,19.71178009152,0.012265686658695558,2.151345901760653,-24.002939495258445,-24.002939495258445,-24.002939495258445
2010-01-31,5.168937870324348,-13.789420489567567,-21.513764940962936,4.65756889082273,-10.329561393538508,-10.329561393538508,1.8697027869820062,6.30913837505319,0.04715923808857706,0.11140814249989003,20.49498191796,0.07928369029423354,4.089420581017598,-13.117855902870991,-13.117855902870991,-13.117855902870991
2010-02-28,11.051403619387777,13.008135798876461,13.133632263980346,10.245959564526663,18.864920239452246,13.008135798876461,2.547735940860341,12.01367819514937,0.10220195772497313,0.258341265150338,23.96168855928,0.18027161143765558,7.280707068004855,6.249154749425783,6.249154749425783,6.249154749425783
2010-03-31,13.787789276408505,15.809569407186766,27.568066328382116,12.102477358722574,26.526060515113873,15.809569407186766,3.0123405832711843,12.616392237034932,0.09460441672533816,0.40077404241616443,27.044359836960002,0.2476892295707513,7.814366410153058,12.125821169225464,12.125821169225464,12.125821169225464
2010-04-30,3.5262137992078664,19.151711725725765,19.747374583566216,3.172687257250749,31.627336956711613,19.151711725725765,3.2314791281806965,11.573955662955141,0.051323259100116876,0.39226171205645227,30.16692925872,0.22179248557828457,7.402717395567919,16.466688062543373,16.466688062543373,16.466688062543373
2010-05-31,2.523250486433257,18.203945702173723,5.487806719683598,2.879726382997931,30.113481343704063,5.487806719683598,3.215696335751653,11.406545068133424,0.018168285648385234,0.2910250226414076,33.243951198,0.15459665414489643,7.311120701942539,2.569577305462368,2.569577305462368,2.569577305462368
2010-06-30,-9.832499047050275,22.646886556553348,23.36466569713348,-7.6396294406706255,22.585116512047406,22.585116512047406,2.951482087595019,8.928967082500737,0.00240660584393365,0.12828188840231888,34.67519627988,0.06534424712312627,5.940224585047878,22.614019954083837,22.614019954083837,22.614019954083837
2010-07-31,-25.11721322548594,-11.684892553593448,3.071281255359453,-20.75707164115928,-2.0958685418289416,-11.684892553593448,2.508478932939706,5.887373566094251,0.00029782037072604656,0.027203084804125165,36.76597571688,0.013750452587425606,4.1979262495169785,-11.981779860526851,-11.981779860526851,-11.981779860526851
2010-08-31,-32.23553065391838,-13.176036332459546,-20.656939718438,-27.197691226805787,-12.132777574226589,-20.656939718438,1.8512272170530324,3.8230013923443957,1.2148414592530025e-05,0.0009137501613539147,33.33467241852,0.00046294928797322235,2.837114304698714,-15.851536971960286,-15.851536971960286,-15.851536971960286
2010-09-30,-34.38576163279149,-25.104061622892424,-29.76591953115073,-28.60446005685187,-29.303561113094975,-29.303561113094975,1.4454787876717028,2.9171032540563404,5.2354546682430574e-05,0.0,29.58285921,2.6177273341215287e-05,2.1812910208640215,-24.89548784872565,-24.89548784872565,-24.89548784872565
2010-10-31,-23.01761089085262,-25.629486562150145,-28.663383429353296,-19.02967667403487,-30.777648611271058,-25.629486562150145,1.298601590243321,2.3981623634156817,0.000444505776445554,1.476560382345763e-05,27.37257282972,0.0002296356901345058,1.8483819768295013,-23.086494596252418,-23.086494596252418,-23.086494596252418
2010-11-30,-6.299732818301416,-12.604289238168702,-20.522764658450907,-4.5669930305209885,-14.43739847870521,-12.604289238168702,1.4129437921388464,3.190501347686646,0.0014476638025194683,0.0032860866705723573,27.05534644332,0.0023668752365459127,2.301722569912746,-12.74254068439836,-12.74254068439836,-12.74254068439836
2010-12-31,,5.562007515084094,-5.141798829374952,,-0.7913580175539159,,1.9008080065077482,5.94771162487924,0.048034768527017574,0.09280343678926867,27.66772855848,0.07041910265814312,3.9242598156934942,,-1.6061501414295467,-3.3552282972038396
2011-01-31,,,,,,,2.660595071429949,12.75756952186945,0.12383124235627278,0.3446274493778529,31.69851917208,0.23422934586706284,7.709082296649699,,9.530240401539267,5.1774788740762965
2011-02-28,51.69270166167694,19.02427342101041,18.67381539124452,45.73021171937912,22.46477217419248,22.46477217419248,3.3511952816092383,12.76878712337116,0.17865324104962238,0.6263162787723002,32.97749608188,0.40248475991096133,8.059991202490199,20.666630944508082,20.666630944508082,20.666630944508082
2011-03-31,44.11410765355738,45.397051863460426,48.41438607663384,38.339651514384556,50.918798881278626,45.397051863460426,3.3982205021027476,13.1472558985621,0.12258638687015674,0.5613466582092144,34.59601056432,0.34196652253968557,8.272738200332425,43.62630862054948,43.62630862054948,43.62630862054948
2011-04-30,37.52009021050566,63.29664294202848,55.13805539621955,32.74887755019558,53.251230453139854,53.251230453139854,3.7482227250288482,13.684725766399756,0.1480660940753711,0.7430585051342948,37.4397012594,0.44556229960483296,8.716474245714302,49.86020793561283,49.86020793561283,49.86020793561283
2011-05-31,,43.89381996296462,45.25013049859503,,38.38993257266247,,3.608147606644291,10.91134042987659,0.041644627160713085,0.6077372467695455,38.90816783376,0.3246909369651293,7.259744018260441,,40.81676260726708,46.60320835830831
2011-06-30,,,,,,,3.1091837388342367,8.550467331234827,0.0037200579207547924,0.28540553538382946,40.34414454492,0.14456279665229213,5.829825535034532,,31.773317278921336,36.4370911703192
2011-07-31,17.140723766598292,24.225060082827518,30.449556696176675,16.336123852083688,29.92617923650003,24.225060082827518,2.7429760212538477,6.137477544031214,0.0005861515003590939,0.11486613061207834,43.31576808516,0.05772614105621872,4.440226782642531,22.72987195057559,22.72987195057559,22.72987195057559
2011-08-31,-11.4576462806571,4.994254264460922,15.956047679931267,-9.602614635701311,15.893536910446725,4.994254264460922,2.07279151791436,3.961056739586859,2.5355512577156467e-05,0.010185484756443236,41.96984651532,0.005105420134510197,3.0169241287506097,7.816099209114554,7.816099209114554,7.816099209114554
2011-09-30,-11.895370902798733,-3.7907671540084036,-5.587510117025205,-9.483970560924902,-1.0559030839389252,-5.587510117025205,1.6027092169862847,2.9915242325599545,2.001202935829603e-05,0.001383557611556733,38.2019363928,0.0007017848204575145,2.2971167247731197,-1.0953889552136618,-1.0953889552136618,-1.0953889552136618
2011-10-31,-16.50934148192797,-16.137295988150857,-1.5461627141914698,-13.53731764072298,-8.551810623950672,-13.53731764072298,1.3771902521292567,2.434624675628668,0.00010462344981030085,0.0,35.44523934168,5.231172490515043e-05,1.9059074638789624,-10.38876185561327,-10.38876185561327,-10.38876185561327
2011-11-30,,,,,,,1.4794817524244168,2.3807285184414013,0.0021364064805913245,0.003992179911989852,34.22110295268,0.003064293196290588,1.930105135432909,,-15.493382484400797,-18.907757795427962
2011-12-31,-42.79259283248903,-20.709323602082616,-9.537716109802542,-35.47679943909281,-8.378485134117714,-20.709323602082616,1.6205562133673679,3.644493740954254,0.016699147319420415,0.034125807668771886,33.38501443776,0.02541247749409615,2.632524977160811,-20.598003113188323,-20.598003113188323,-20.598003113188323
2012-01-31,-14.592734895410983,-11.288182606298776,-7.525218710820273,-12.009751919264854,-5.42639020115107,-11.288182606298776,1.755796497162375,3.5721393975988462,0.00774367173211219,0.03389802220961446,32.85660517404,0.020820846970863324,2.663967947380611,-10.786624682275342,-10.786624682275342,-10.786624682275342
2012-02-29,-4.422342949759639,16.123595392427784,3.6821242914137637,-3.0766426280493664,1.522359785477029,1.522359785477029,1.990035437731083,6.933939685148173,0.030167090734600336,0.07535516540333512,33.06790153152,0.052761128068967725,4.461987561439628,-0.5188964671600944,-0.5188964671600944,-0.5188964671600944
2012-03-31,13.671149513708029,91.1732833553414,25.7999845023961,12.881441540278674,26.188560529235637,25.7999845023961,2.346114808668526,7.278630864779884,0.0213939305939793,0.12437344964174817,32.54075411784,0.07288369011786373,4.8123728367242045,25.956624078742625,25.956624078742625,25.956624078742625
2012-04-30,,,,,,,2.5379726939462754,9.086228537588324,0.021704231573074568,0.12251144137168923,35.76445903176,0.0721078364723819,5.812100615767299,,21.052405217915222,35.51814365102447
2012-05-31,-6.317029540718793,,,-4.340070785927886,,,2.7034411026672642,9.024945155149414,0.007038893625147797,0.1006872497922368,39.502258674000004,0.0538630717086923,5.864193128908339,,16.148186357087823,25.322557158588047
2012-06-30,-21.8881338512816,12.439454590082054,13.501822539433025,-17.670845488885174,9.068861475228472,9.068861475228472,2.337849258888822,6.138016108450746,0.0008120462464455879,0.011055401584153189,39.001342446,0.0059337239152993885,4.237932683669784,11.24396749626042,11.24396749626042,11.24396749626042
2012-07-31,-23.405532976900844,14.303451863264138,-6.761645705585587,-19.128306652757267,-8.391744859417082,-8.391744859417082,1.8511843440311542,4.099740811338146,0.00019955538765230692,0.0008077410755660874,35.28623513532,0.0005036482316091972,2.9754625776846497,-3.4087373670682544,-3.4087373670682544,-3.4087373670682544
2012-08-31,-24.700482946459573,-10.511201249116331,-13.268634834211284,-20.16772058718895,-16.299884830792635,-16.299884830792635,1.4562271484997713,2.9608584886974274,0.00013071035454809265,0.0,30.83670026436,6.535517727404633e-05,2.208542818598599,-11.082991907692252,-11.082991907692252,-11.082991907692252
2012-09-30,,-15.737752585366954,-11.039210535252405,,-20.683213343082002,,1.2215817110208067,2.3520901157803076,0.0001093208675689117,0.0,27.38951961144,5.466043378445585e-05,1.7868359134005571,,-17.134563003550195,-23.5027639115267
2012-10-31,,,,,,,1.1134554150068894,1.9706313541393563,0.0002512771682754478,0.0,25.5450069234,0.0001256385841377239,1.5420433845731227,,-23.186134099408136,-38.99303042064526
2012-11-30,-38.639734126301256,-30.611984000945355,-14.687847077251222,-31.78469714856327,-23.983819611780376,-30.611984000945355,1.1147060571676828,1.8256138726832798,0.0027627614943116557,0.0057387800106838945,24.2384864052,0.004250770752497775,1.4701599649254813,-29.237705195266077,-29.237705195266077,-29.237705195266077
2012-12-31,4.319453003369444,5.297167798523561,4.787104956038226,4.0181383835747715,9.371500510080613,4.787104956038226,1.3345932474100444,7.043705828802432,0.008268817560262792,0.00934329804569864,24.95911132428,0.008806057802980716,4.189149538106238,1.3429351767269875,1.3429351767269875,1.3429351767269875
2013-01-31,5.583527298491693,7.878971469345648,15.072407696263305,5.704903002175098,8.327942495373733,7.878971469345648,2.3784479922122443,12.157381054976977,0.10027326442894076,0.20949833556288003,29.80093724052,0.1548857999959104,7.2679145235946105,-0.18769917457565555,-0.18769917457565555,-0.18769917457565555
2013-02-28,,-4.420714588793564,10.857087755725756,,15.523719072721118,,2.6767815863628512,11.876820605438366,0.15786831436347512,0.3907758795150954,30.64931615016,0.2743220969392853,7.276801095900609,,-2.9140019446044625,-6.152377564546281
2013-03-31,,,,,,,2.7827223174480413,11.228574054515956,0.03234997570885995,0.2531605916208687,31.03117688856,0.1427552836648643,7.005648185981999,,-5.640304714633269,-10.865823139668787
2013-04-30,-25.65175448924199,-7.703571083750682,-0.7176879708520675,-19.797501180900735,7.8216844031524095,-7.703571083750682,2.682932539224059,10.309512324415122,0.007471427784730115,0.14991499241261078,32.2677011172,0.07869321009867045,6.49622243181959,-8.366607484662076,-8.366607484662076,-8.366607484662076
2013-05-31,-27.709760555201306,-1.7857666207938847,-4.115832540513245,-22.54034963112475,3.063455740550911,-4.115832540513245,2.5164584502789547,8.121907280099176,0.0026452297661835027,0.057292478864565156,32.88558331968,0.02996885431537433,5.319182865189065,-3.5079508205794276,-3.5079508205794276,-3.5079508205794276
2013-06-30,-34.96040134576534,-14.795935927491115,-27.85267627830311,-28.83042411448835,-9.081716860826887,-27.85267627830311,2.0268274608484966,5.775559077510411,0.00039672160255606304,0.004794025667648097,31.31945843328,0.00259537363510208,3.901193269179454,-24.841188315213227,-24.841188315213227,-24.841188315213227
2013-07-31,,-32.834301853945014,-23.885391443106354,,-18.005397732032623,,1.6225122453463823,3.91856298192981,9.898036266898217e-05,4.3233879505462095e-05,28.22291790648,7.110712108722214e-05,2.770537613638096,,-28.853485983202617,-40.687039296823286
2013-08-31,,,,,,,1.3100077275067963,2.8900159090348305,4.3315078041257885e-05,0.0,24.6895268694,2.1657539020628943e-05,2.100011818270813,,-32.865783651192004,-43.745367844539935
2013-09-30,-51.10583026717577,,,-42.866515730812345,,,1.1229366270678556,2.3408814640844966,0.00017019192500872677,0.0,22.33803539916,8.509596250436339e-05,1.731909045576176,,-36.87808131918139,-41.52784949719328
2013-10-31,-63.18386553756984,-42.59678428343157,-34.53859244195043,-53.42522816693269,-30.64691102035062,-42.59678428343157,1.071009542612951,2.0283066842397814,0.0005078827925499612,0.0003163171505225266,20.81355403104,0.0004120999715362439,1.549658113426366,-40.890378987170784,-40.890378987170784,-40.890378987170784
2013-11-30,-44.66094035628637,-40.08542513051472,-50.82502963253969,-37.603954653943916,-43.027862659445,-43.027862659445,1.1268743170625921,1.7674965715249413,0.0012030602741102713,0.0013940724413589252,19.36757996448,0.0012985663577345982,1.4471854442937668,-41.4803023901386,-41.4803023901386,-41.4803023901386
2013-12-31,-48.20369008491448,-43.96350843095932,-39.61853607569516,-40.328732179441054,-33.65753981038482,-40.328732179441054,1.2065621980487649,2.194519906760962,0.006002971672511673,0.007517316140176256,18.9010087536,0.006760143906343965,1.7005410524048634,-40.120978154220765,-40.120978154220765,-40.120978154220765
2014-01-31,,-33.60467195112458,-39.754463566494856,,-38.36292193685968,,1.329768213037342,2.256666986132946,0.011848058443222221,0.020789287970728963,18.616697781,0.01631867320697559,1.793217599585144,,-31.730778401308015,-32.037057188655865
2014-02-28,,,,,,,1.4197110717900014,2.5278795451942386,0.011109917317377377,0.012529974311804887,18.30142769388,0.011819945814591132,1.97379530849212,,-23.34057864839526,-20.162579760180122
2014-03-31,-66.47010499254836,-7.637321034365674,-6.673147250295992,-54.18657594884867,-11.001688194254246,-11.001688194254246,1.8456516731008448,7.366369898926181,0.01662348142566136,0.06648845873725989,19.58816689332,0.04155597008146063,4.606010786013513,-14.950378895482508,-14.950378895482508,-14.950378895482508
2014-04-30,-40.28231140952226,-13.387850332537763,-16.622776022477886,-33.44111312703233,-5.508369665249569,-16.622776022477886,2.2965555709215746,7.453403561618497,0.00963212160545637,0.05900340698544904,22.18677621372,0.034317764295452705,4.874979566270036,-19.4831159173484,-19.4831159173484,-19.4831159173484
2014-05-31,-40.32388124902861,-29.300538405337928,-21.698772063690896,-33.45142783910738,-20.46183668616831,-29.300538405337928,2.2419607276406492,6.3414151289036145,0.006358555966772266,0.03460420199566426,23.800274133,0.020481378981218264,4.291687928272132,-30.316908301305784,-30.316908301305784,-30.316908301305784
2014-06-30,,-32.608399738042806,-17.735004750613047,,-23.312983793595333,,1.8643196628740117,4.462607392660538,0.0005883896029481138,0.0018990494375229585,23.30128090032,0.0012437195202355362,3.163463527767275,,-36.338110364843885,-38.94737809148668
2014-07-31,-59.41414520951934,,,-49.754898434656035,,,1.4564471626794986,3.115775117303835,0.00014183246901785623,4.889536123953557e-06,20.91633745248,7.336100257090489e-05,2.2861111399916667,,-42.35931242838198,-44.78363759822297
2014-08-31,-68.0413562229271,-41.28082770700327,-51.756410361870074,-57.1947386286939,-41.40339433322724,-51.756410361870074,1.194840212954351,2.4007775729427188,8.816659142693424e-05,0.0,18.02877310728,4.408329571346712e-05,1.797808892948535,-48.38051449192008,-48.38051449192008,-48.38051449192008
2014-09-30,-75.94060063872112,-47.244487570473446,-53.42867453408922,-64.08367334446342,-47.334102519139726,-53.42867453408922,1.0770425303584656,1.9889650507165195,9.482156205756811e-05,0.0,15.9898047642,4.7410781028784055e-05,1.5330037905374927,-51.124904416083496,-51.124904416083496,-51.124904416083496
2014-10-31,-72.44276214165151,-60.2835630706998,-44.429617964706146,-61.28973319003387,-48.086692233773185,-60.2835630706998,1.0334997500676886,1.740142697922103,0.00031326848086110767,1.8668108921494058e-06,14.94738218184,0.00015756764587662852,1.3868212239948958,-59.09506807866205,-59.09506807866205,-59.09506807866205
2014-11-30,,-53.815840070467594,-52.5773739316744,,-45.87896224932906,,1.1478899896816281,1.815715973455291,0.000646711328673915,5.977179861313357e-05,13.96478461296,0.0003532415636435243,1.4818029815684595,,-53.05727933493735,-61.71068582305816
2014-12-31,,,,,,,1.434585951859433,2.9540810319135447,0.007870704980778222,0.020695103705702694,13.90828382808,0.014282904343240458,2.1943334918864887,,-47.019490591212644,-56.70441975993697
2015-01-31,-65.06212530957586,-31.816392337106738,-25.65836741591997,-53.153632904456856,-15.078093995369835,-31.816392337106738,2.374262692879475,12.26982223419072,0.024679010437711233,0.07530258739394495,17.91017647224,0.04999079891582809,7.322042463535097,-40.98170184748794,-40.98170184748794,-40.98170184748794
2015-02-28,-33.60424621808302,-2.2697483748034624,-19.23060680389346,-26.97757125330499,-16.863983288837172,-19.23060680389346,2.6544251072055847,11.34610687383657,0.0166917926477074,0.060156440417376764,19.01249560992,0.03842411653254208,7.000265990521077,-19.999582786176152,-19.999582786176152,-19.999582786176152
2015-03-31,-47.38917904512932,-12.48038903071134,-5.990666382436844,-39.45503656402801,-8.925255709011134,-12.48038903071134,2.8420833942786463,11.512053866066804,0.006974963075867264,0.025074070102996473,22.17436987188,0.016024516589431867,7.177068630172725,-15.796666332379878,-15.796666332379878,-15.796666332379878
2015-04-30,-54.732242518010224,-68.79932039545812,-56.02008935326924,-45.62882760647067,-70.50337526678639,-56.02008935326924,2.6614959423920945,9.16067216203796,0.002404027156569028,0.008386382320535034,22.74258230172,0.005395204738552031,5.911084052215028,-55.31168789330067,-55.31168789330067,-55.31168789330067
2015-05-31,,,,,,,2.369071013015772,8.085032817987043,0.003450522401345644,0.00371468072273984,22.53475078956,0.0035826015620427417,5.2270519155014075,,-55.081938046034836,-64.30171560683956
2015-06-30,-67.62156660778436,-42.23047957031572,-64.97407711722198,-57.2330594365853,-42.75716804268971,-57.2330594365853,2.050282449082651,5.991667425824502,0.0016263315864913802,0.002197065280654633,21.36162743292,0.0019116984335730066,4.020974937453577,-54.852188198769,-54.852188198769,-54.852188198769
2015-07-31,-67.11026650259869,,,-56.492805908824984,,,1.661282815610561,4.036082753950174,5.9855435091086405e-05,7.389379358947187e-07,19.43090682768,3.0297186513490563e-05,2.8486827847803675,,-53.595610512568385,-52.11250085046344
2015-08-31,-80.94823380646937,-54.62650290744094,-55.59385169247434,-68.5270842451499,-51.05052434037159,-55.59385169247434,1.3420479400415712,2.948170996542469,2.2334496594003593e-05,0.0,16.879680408,1.1167248297001796e-05,2.14510946829202,-52.33903282636777,-52.33903282636777,-52.33903282636777
2015-09-30,,-57.45670761349783,-55.56839739303047,,-55.16378884902581,,1.1531336985683938,2.3731664175961424,5.450038355507786e-05,0.0,15.0173846388,2.725019177753893e-05,1.763150058082268,,-50.6284895807993,-51.40851201020071
2015-10-31,,,,,,,1.066128851995657,2.0062463787640046,0.0003030215338113117,7.788006954032186e-06,13.91981933304,0.00015540477038267195,1.5361876153798308,,-48.91794633523082,-49.258903680884515
2015-11-30,,,,,,,1.0877316671938648,1.8023840152149744,0.0007796544067668739,0.00010585617248193298,12.99276536856,0.0004427552896244035,1.4450578412044197,,-47.20740308966234,-46.99485424855778
2015-12-31,-52.37792232898895,-42.960626015367616,-44.027707662187765,-43.64091487811942,-33.81202614955469,-43.64091487811942,1.3796493053582808,5.558548936534152,0.023271949953378196,0.044887307171179426,12.79103218152,0.03407962856227881,3.469099120946216,-45.49685984409387,-45.49685984409387,-45.49685984409387
2016-01-31,-50.60253204042033,-21.471259043378893,-48.742649498351156,-40.649600899785135,-21.64029756138357,-40.649600899785135,1.9222370799645871,9.979384936877036,0.12848861700586767,0.15857890086951815,13.91628047892,0.1435337589376929,5.9508110084208115,-44.36601521503514,-44.36601521503514,-44.36601521503514
2016-02-29,-2.8992378902289024,,,-0.7657192170511089,,,2.8207654506137185,13.01237769206054,0.32910823601589984,0.3396529545582768,18.54672492756,0.3343805952870883,7.916571571337129,,-41.15742825948585,-41.003586016890466
2016-03-31,,-1.3997678695495521,3.6224650351177727,,6.8139565801148345,,3.214873342596071,12.243125474916603,0.23716001009054485,0.2968078384250897,21.19028472612,0.26698392425781725,7.728999408756337,,-37.94884130393656,-34.457619880488764
2016-04-30,,,,,,,3.421521807379969,12.757191990121585,0.1110386158326586,0.19091341062009817,28.24346768328,0.15097601322637838,8.089356898750777,,-34.74025434838727,-29.70300009939897
2016-05-31,-72.89651816679002,-19.209511555547593,-6.525725586392529,-60.17305458511057,-30.474619961261066,-30.474619961261066,3.100299156140852,10.658835919971136,0.042049317129836665,0.06495670506630478,30.60777747768,0.05350301109807072,6.879567538055994,-31.531667392837978,-31.531667392837978,-31.531667392837978
2016-06-30,-56.179952170933184,-16.92987446582778,-39.68769060071217,-47.33096666256389,-23.528898654523797,-39.68769060071217,2.8041490842151835,7.8277690273983085,0.012353444818023607,0.01718916603871871,31.09819679088,0.01477130542837116,5.315959055806746,-38.575769725993226,-38.575769725993226,-38.575769725993226
2016-07-31,,-41.78685758634036,-58.85465838671703,,-45.959639198424156,,2.2834236086929827,4.920982723970409,0.00017985704571800044,0.0010572678928565814,29.38563069192,0.0006185624692872909,3.6022031663316962,,-41.97087381021751,-43.37532910389812
2016-08-31,-51.659225331917455,-71.34121853266157,-44.58803754498399,-43.83212820159068,-50.36536886754141,-50.36536886754141,1.7426618481743972,3.417611309498101,3.038933022993699e-05,0.0,25.40890967412,1.5194665114968495e-05,2.580136578836249,-45.3659778944418,-45.3659778944418,-45.3659778944418
2016-09-30,,,,,,,1.3844511546784675,2.6785168410710565,5.440553599031893e-05,0.0,22.68457667124,2.7202767995159467e-05,2.031483997874762,,-40.87312528430285,-45.59402733722981
2016-10-31,,,,,,,1.226696114320895,2.2247809639071243,0.00021529806650383244,2.2848321587790735e-06,21.23159273784,0.00010879144933130576,1.7257385391140097,,-36.380272674163905,-43.028090064076935
2016-11-30,-29.646040314009763,12.325459378517161,-48.649476791037344,-24.3713844954694,-36.79312506131916,-29.646040314009763,1.4316944761597945,6.042553834747346,0.0009059347756335242,0.0004428885142945647,21.461021251320002,0.0006744116449640444,3.73712415545357,-31.88742006402496,-31.88742006402496,-31.88742006402496
2016-12-31,-10.833424647734885,59.98097600701125,-23.097701911053566,-8.514352819871332,-4.2187900370039735,-8.514352819871332,2.071161295769821,7.556654989157339,0.016352118044074496,0.025406604235481255,22.6236143892,0.020879361139777876,4.81390814246358,-10.773934894256154,-10.773934894256154,-10.773934894256154
2017-01-31,24.8420038348267,-12.029183116530744,23.69520685662125,23.547997441205265,60.4210698640232,23.69520685662125,2.6709429843206545,11.160305791434432,0.0864314626938709,0.13653107438838347,26.368996233,0.1114812685411272,6.915624387877543,17.757506860005936,17.757506860005936,17.757506860005936
2017-02-28,,,,,,,3.5311572022613857,14.517013880418647,0.5376769463671408,0.599359770717956,33.17962891644,0.5685183585425484,9.024085541340016,,17.757506860005936,
2017-03-31,40.50663130146534,,,36.49094450283626,,,3.982529416883709,15.076898264738341,0.669528430465636,0.8507204988701877,38.09144988876,0.760124464667912,9.529713840811025,,17.757506860005936,
2017-04-30,27.64638942671393,,,25.87368879894131,,,3.7855823308476135,13.700504133333132,0.5712895026198792,0.7187730501681828,37.72684676904,0.645031276394031,8.743043232090372,,17.757506860005936,
2017-05-31,49.613040493980705,,,44.98339320106554,,,3.614170213409403,12.40184426135673,0.3736148260472112,0.5088089955783958,38.80098952308,0.4412119108128035,8.008007237383067,,17.757506860005936,
2017-06-30,,,,,,,3.0231818427320474,8.26390170146362,0.17838596331243037,0.23654660328803345,40.98406410108,0.20746628330023192,5.643541772097834,,17.757506860005936,
2017-07-31,,,,,,,2.4134580453898553,5.227799609280796,0.056875959815319614,0.03750032180548218,41.4947544246,0.047188140810400896,3.8206288273353257,,17.757506860005936,
2017-08-31,,,,,,,1.8156813487085135,3.6157977341599246,0.0015295366205910377,0.00048634520090085705,39.20413149192,0.0010079409107459473,2.715739541434219,,17.757506860005936,
2017-09-30,,,,,,,1.4901144986639052,2.823621385696806,1.966791497788391e-05,0.0,35.7438019422,9.833957488941954e-06,2.1568679421803556,,17.757506860005936,
2017-10-31,,,,,,,1.3791709464820998,2.340156693527682,0.00036471927313265056,4.8744991573250395e-05,32.41473440016,0.00020673213235295048,1.859663820004891,,17.757506860005936,
2017-11-30,,,,,,,1.3342688028855358,2.0275935139341885,0.0007408569822448877,0.00037757924371334845,30.25483691136,0.000559218112979118,1.6809311584098623,,17.757506860005936,
2017-12-31,,,,,,,1.7217179253435075,7.151434795353743,0.011624387126935407,0.036342110503801456,30.73626662232,0.02398324881536843,4.436576360348625,,17.757506860005936,
2018-01-31,,,,,,,2.0528876830755745,6.717674891005471,0.016978412660572328,0.0628715037271361,30.13142353692,0.039924958193854214,4.385281287040523,,17.757506860005936,
